[{"model": "auth.user", "fields": {"password": "pbkdf2_sha256$870000$eywKBzcVZ0AtL5sH0VXlDr$26GQK3e5pMBzJl5Tv/Tf9wL6anyefFyC6kCpUL4ZboE=", "last_login": "2025-02-10T11:22:28.597Z", "is_superuser": true, "username": "trydjango", "first_name": "", "last_name": "", "email": "", "is_staff": true, "is_active": true, "date_joined": "2025-01-23T15:45:57.206Z", "groups": [], "user_permissions": []}}, {"model": "auth.user", "fields": {"password": "pbkdf2_sha256$870000$iuvy2BB4bZaUvgkOEQPUlp$jeJY3ZLaa5himQf/04a7FUNen1/sbbWmPU6CDRgH+8U=", "last_login": null, "is_superuser": false, "username": "AdityaGupta", "first_name": "aditya", "last_name": "gupta", "email": "abc@gmail.com", "is_staff": false, "is_active": true, "date_joined": "2025-01-29T19:13:18.206Z", "groups": [], "user_permissions": []}}, {"model": "auth.user", "fields": {"password": "pbkdf2_sha256$870000$VGchmDoX2nOSqBORJQ8cQk$qO2kDyNs8RWiSLxZohh0x5xoksyzN1GUs4iPOUcvVtc=", "last_login": "2025-01-29T19:24:24.632Z", "is_superuser": false, "username": "AF0411570", "first_name": "ADI", "last_name": "Gupta", "email": "abc@gmail.com", "is_staff": false, "is_active": true, "date_joined": "2025-01-29T19:24:07.338Z", "groups": [], "user_permissions": []}}, {"model": "auth.user", "fields": {"password": "pbkdf2_sha256$870000$GJa1LJzu2YgHS0sE8KfLyC$XJijR4hGdmtFoxRnkirJ69abF3HmqPDTmcjYG+CVN3o=", "last_login": null, "is_superuser": true, "username": "posgres", "first_name": "", "last_name": "", "email": "", "is_staff": true, "is_active": true, "date_joined": "2025-02-10T11:29:31.788Z", "groups": [], "user_permissions": []}}, {"model": "sessions.session", "pk": "a6xdzvbtwu5h7rjzmn4pp6heiln3xt7o", "fields": {"session_data": ".eJxVjEEOwiAQRe_C2hCEKQMu3fcMZKZMpWpoUtqV8e7apAvd_vfef6lE21rS1mRJU1YXdVan341peEjdQb5Tvc16mOu6TKx3RR-06X7O8rwe7t9BoVa-9egjiXemI4zAHhyBD0DWOxsQYkS0JN3ojARCBmbOGMAISECmGNX7A8SMN2I:1thRZ4:GltH9yHKyCAWsfX4jhR92mh_zk0d2WvIKLSq0FxGa-Y", "expire_date": "2025-02-24T11:02:58.765Z"}}, {"model": "sessions.session", "pk": "bx03bvf2y9sms6f8fzd03e4cmhp6k0x2", "fields": {"session_data": ".eJxVjMsOwiAQRf-FtSED8nTpvt9AGBikaiAp7cr479qkC93ec859sRC3tYZt0BLmzC5MsNPvhjE9qO0g32O7dZ56W5cZ-a7wgw4-9UzP6-H-HdQ46rdWhpLRrgBER8ahJ2dRISpVvICzBEBNCF4bRCF1gRQhiWK8BZTZCvb-ANvfN5I:1th0AL:qEUu-X3Uk8adQPvQ6keoYZLmw2o6klikCgKJR2kTgGM", "expire_date": "2025-02-23T05:47:37.875Z"}}, {"model": "sessions.session", "pk": "f774oveuwqkg3kksuiah5od3frz6yuai", "fields": {"session_data": ".eJxVjEEOwiAQRe_C2hCEKQMu3fcMZKZMpWpoUtqV8e7apAvd_vfef6lE21rS1mRJU1YXdVan341peEjdQb5Tvc16mOu6TKx3RR-06X7O8rwe7t9BoVa-9egjiXemI4zAHhyBD0DWOxsQYkS0JN3ojARCBmbOGMAISECmGNX7A8SMN2I:1thRrw:GEcXSABEwOrtfbyF4UlcCmR1_KDTgOze7I7GekRJo4w", "expire_date": "2025-02-24T11:22:28.607Z"}}, {"model": "articles.articles", "pk": 1, "fields": {"name": "Atomic Habit", "author": "james clear", "discription": "This is articles talks about small habits which can change your lifestyle"}}, {"model": "articles.articles", "pk": 2, "fields": {"name": "The art of letting go", "author": "nick trenton", "discription": "This is articles talks about how to let go of smoethig that is holding u back"}}, {"model": "articles.articles", "pk": 3, "fields": {"name": "miracle morning", "author": "hal elrod", "discription": "the 6 habit that will transfrom your life befor 8AM"}}, {"model": "articles.articles", "pk": 4, "fields": {"name": "48 Laws of Human power", "author": "Robert Greene", "discription": "\"The 48 Laws of Power\" by Robert Greene is a classic exploration of power dynamics and strategies. Drawing on historical examples, philosophical principles, and psychological insights, Greene examines the principles and tactics used by the most influential and powerful figures throughout history."}}, {"model": "articles.articles", "pk": 5, "fields": {"name": "User", "author": "aditya ", "discription": "this is user created articel"}}, {"model": "articles.articles", "pk": 10, "fields": {"name": "Rich Dad Poor Dad", "author": "Robert Kiyosaki", "discription": "Rich Dad Poor Dad is a 1997 book written by Robert T. Kiyosaki and Sharon Lechter. It advocates the importance of financial literacy, financial independence and building wealth through investing in assets, real estate investing, starting and owning businesses, as well as increasing one's financial intelligence"}}, {"model": "articles.articles", "pk": 12, "fields": {"name": "another art", "author": "Unknown", "discription": "    Lorem ipsum dolor sit amet consectetur adipisicing elit. Similique, nam ad? La\r\n"}}, {"model": "articles.articles", "pk": 16, "fields": {"name": "Can't Hurt Me", "author": "David Goggins", "discription": "CanΓÇÖt Hurt Me is about how David Goggins transformed himself into one of AmericaΓÇÖs fittest athletes through self-discipline, mental toughness, and hard work; he went from being overweight and depressed to becoming a record-breaking athlete, inspiring military leader, and world-class personal trainer. When it comes to getting fit, a lot of us find excuses."}}, {"model": "articles.articles", "pk": 24, "fields": {"name": "Aditya ", "author": "Darren Hardy", "discription": "ndkcasjc ascjkasbcascascasbcoasilcla"}}, {"model": "articles.articles", "pk": 25, "fields": {"name": "Another piece of article", "author": "Unknow author", "discription": "Just for the fun "}}, {"model": "polls.question", "pk": 1, "fields": {"question_text": "What is new", "pub_date": "2025-01-25T09:25:30.640Z"}}, {"model": "polls.question", "pk": 2, "fields": {"question_text": "Question object two", "pub_date": "2025-01-25T09:56:30.727Z"}}, {"model": "polls.question", "pk": 3, "fields": {"question_text": "what is your plan for today", "pub_date": "2025-01-20T17:21:29Z"}}, {"model": "polls.question", "pk": 4, "fields": {"question_text": "hey, What u doing on coming sunday?", "pub_date": "2025-01-23T06:00:00Z"}}, {"model": "polls.question", "pk": 5, "fields": {"question_text": "what is your  2025 plan ?", "pub_date": "2025-01-25T17:23:03Z"}}, {"model": "polls.choice", "pk": 1, "fields": {"question": 1, "choice_text": "Not Much", "votes": 10}}, {"model": "polls.choice", "pk": 2, "fields": {"question": 1, "choice_text": "The sky", "votes": 2}}, {"model": "polls.choice", "pk": 3, "fields": {"question": 1, "choice_text": "Just doing it again", "votes": 1}}, {"model": "polls.choice", "pk": 4, "fields": {"question": 1, "choice_text": "just hacking agin", "votes": 0}}, {"model": "polls.choice", "pk": 5, "fields": {"question": 2, "choice_text": "what is new in object2", "votes": 1}}, {"model": "polls.choice", "pk": 6, "fields": {"question": 2, "choice_text": "what u are doing again", "votes": 1}}, {"model": "polls.choice", "pk": 7, "fields": {"question": 3, "choice_text": "just trying to be consistent", "votes": 10}}, {"model": "polls.choice", "pk": 8, "fields": {"question": 3, "choice_text": "not too much , just packing for my haridwar trip.", "votes": 3}}, {"model": "polls.choice", "pk": 9, "fields": {"question": 4, "choice_text": "did u forget that , we have a independence day on this comig sunday", "votes": 104}}, {"model": "polls.choice", "pk": 10, "fields": {"question": 5, "choice_text": "for this 2025 i just want to be stronger", "votes": 1}}, {"model": "polls.choice", "pk": 11, "fields": {"question": 5, "choice_text": "in this 2025 , i want to change my self completely.", "votes": 1}}, {"model": "Politics.parties", "pk": 1, "fields": {"party_name": "Bhartiy Janta Party", "current_leader": "Narendra Modi", "establish_in": "1980-04-26", "total_vote_count": 0}}, {"model": "Politics.parties", "pk": 2, "fields": {"party_name": "Indian National congress", "current_leader": "Mallikarjun Kharge", "establish_in": "1885-12-05", "total_vote_count": 0}}, {"model": "Politics.parties", "pk": 3, "fields": {"party_name": "Aam Adami Party", "current_leader": "Arvind Kejriwal", "establish_in": "2021-11-15", "total_vote_count": 0}}, {"model": "Politics.parties", "pk": 4, "fields": {"party_name": "Shiv-Sena(UBT)", "current_leader": "Uddhav Thackeray", "establish_in": "1966-06-19", "total_vote_count": 0}}, {"model": "Politics.parties", "pk": 5, "fields": {"party_name": "shiv-sena(Eknath Shinde)", "current_leader": "Eknath Shinde", "establish_in": "1966-06-19", "total_vote_count": 0}}, {"model": "Politics.parties", "pk": 6, "fields": {"party_name": "Maharashtra Nav Nriman sena", "current_leader": "Raj Thackrey", "establish_in": "2006-03-09", "total_vote_count": 0}}, {"model": "Politics.mumbai_region", "pk": 1, "fields": {"assembly_constitution_name": "Dindoshi", "capacity": 100, "distric": "Mumbai suburban"}}, {"model": "Politics.mumbai_region", "pk": 2, "fields": {"assembly_constitution_name": "vasasi", "capacity": 50, "distric": "palghar"}}, {"model": "Politics.mumbai_region", "pk": 3, "fields": {"assembly_constitution_name": "nalasopara", "capacity": 20, "distric": "palghar"}}, {"model": "Politics.mumbai_region", "pk": 4, "fields": {"assembly_constitution_name": "kandivali", "capacity": 50, "distric": "Mumbai suburban"}}, {"model": "Politics.mumbai_region", "pk": 5, "fields": {"assembly_constitution_name": "borivali", "capacity": 60, "distric": "Mumbai suburban"}}, {"model": "Politics.mumbai_region", "pk": 6, "fields": {"assembly_constitution_name": "malad west", "capacity": 90, "distric": "Mumbai suburban"}}, {"model": "Politics.mumbai_region", "pk": 7, "fields": {"assembly_constitution_name": "charkop", "capacity": 20, "distric": "Mumbai suburban"}}, {"model": "Politics.mumbai_region", "pk": 8, "fields": {"assembly_constitution_name": "Bhiwandi east", "capacity": 56, "distric": "Thane"}}, {"model": "Politics.mumbai_region", "pk": 9, "fields": {"assembly_constitution_name": "kalyan", "capacity": 25, "distric": "Thane"}}, {"model": "Politics.mumbai_region", "pk": 10, "fields": {"assembly_constitution_name": "Dombivali", "capacity": 46, "distric": "Thane"}}, {"model": "Politics.mumbai_region", "pk": 11, "fields": {"assembly_constitution_name": "byculla", "capacity": 23, "distric": "Mumbai city"}}, {"model": "Politics.mumbai_region", "pk": 12, "fields": {"assembly_constitution_name": "colaba", "capacity": 5, "distric": "Mumbai city"}}, {"model": "Politics.mumbai_region", "pk": 13, "fields": {"assembly_constitution_name": "Mumbadevi", "capacity": 20, "distric": "Mumbai city"}}, {"model": "Politics.candidate", "pk": 1, "fields": {"candidate_name": "sunil parbu", "from_which_assembly": 1, "candidate_age": 38, "party_name": 4, "total_vote": 0}}, {"model": "Politics.candidate", "pk": 2, "fields": {"candidate_name": "sanjay nirupam", "from_which_assembly": 1, "candidate_age": 40, "party_name": 1, "total_vote": 1}}, {"model": "Politics.candidate", "pk": 3, "fields": {"candidate_name": "Rupesh kadam", "from_which_assembly": 1, "candidate_age": 28, "party_name": 5, "total_vote": 0}}, {"model": "Politics.candidate", "pk": 4, "fields": {"candidate_name": "Bhashkar parab", "from_which_assembly": 1, "candidate_age": 35, "party_name": 6, "total_vote": 2}}, {"model": "Politics.candidate", "pk": 5, "fields": {"candidate_name": "Sneha Pandit", "from_which_assembly": 2, "candidate_age": 23, "party_name": 1, "total_vote": 1}}, {"model": "Politics.candidate", "pk": 6, "fields": {"candidate_name": "Tarabai Vartak", "from_which_assembly": 2, "candidate_age": 46, "party_name": 2, "total_vote": 0}}, {"model": "Politics.candidate", "pk": 7, "fields": {"candidate_name": "Rajan Naik", "from_which_assembly": 3, "candidate_age": 30, "party_name": 1, "total_vote": 0}}, {"model": "Politics.candidate", "pk": 8, "fields": {"candidate_name": "Kshitij Thakur", "from_which_assembly": 3, "candidate_age": 26, "party_name": 3, "total_vote": 0}}, {"model": "Politics.candidate", "pk": 9, "fields": {"candidate_name": "Atul Bhatkhalkar", "from_which_assembly": 4, "candidate_age": 55, "party_name": 1, "total_vote": 0}}, {"model": "Politics.candidate", "pk": 10, "fields": {"candidate_name": "Thakur Ramesh Singh", "from_which_assembly": 4, "candidate_age": 32, "party_name": 2, "total_vote": 0}}, {"model": "Politics.candidate", "pk": 11, "fields": {"candidate_name": "Ishwarlal Parekh", "from_which_assembly": 5, "candidate_age": 40, "party_name": 4, "total_vote": 0}}, {"model": "Politics.candidate", "pk": 12, "fields": {"candidate_name": "Gopal Shetty", "from_which_assembly": 5, "candidate_age": 60, "party_name": 1, "total_vote": 0}}, {"model": "Politics.candidate", "pk": 13, "fields": {"candidate_name": "Aslam Shaikh", "from_which_assembly": 6, "candidate_age": 38, "party_name": 2, "total_vote": 0}}, {"model": "Politics.candidate", "pk": 14, "fields": {"candidate_name": "Dinesh Salvi", "from_which_assembly": 7, "candidate_age": 52, "party_name": 6, "total_vote": 0}}, {"model": "Politics.candidate", "pk": 15, "fields": {"candidate_name": "Yashwant Jayprakash Singh", "from_which_assembly": 7, "candidate_age": 65, "party_name": 2, "total_vote": 0}}, {"model": "Politics.candidate", "pk": 16, "fields": {"candidate_name": "Yogesh Sagar", "from_which_assembly": 7, "candidate_age": 52, "party_name": 1, "total_vote": 0}}, {"model": "Politics.candidate", "pk": 17, "fields": {"candidate_name": "Santosh Shetty", "from_which_assembly": 8, "candidate_age": 20, "party_name": 2, "total_vote": 0}}, {"model": "Politics.candidate", "pk": 18, "fields": {"candidate_name": "Santosh Shetty", "from_which_assembly": 8, "candidate_age": 28, "party_name": 4, "total_vote": 0}}, {"model": "Politics.candidate", "pk": 19, "fields": {"candidate_name": "Sulabha Gaikwad", "from_which_assembly": 9, "candidate_age": 23, "party_name": 5, "total_vote": 0}}, {"model": "Politics.candidate", "pk": 20, "fields": {"candidate_name": "Vijay Gupta", "from_which_assembly": 9, "candidate_age": 55, "party_name": 4, "total_vote": 0}}, {"model": "Politics.candidate", "pk": 21, "fields": {"candidate_name": "Suraj Tiwari", "from_which_assembly": 9, "candidate_age": 22, "party_name": 3, "total_vote": 0}}, {"model": "Politics.candidate", "pk": 22, "fields": {"candidate_name": "Vishal Jethwa", "from_which_assembly": 10, "candidate_age": 33, "party_name": 3, "total_vote": 0}}, {"model": "Politics.candidate", "pk": 23, "fields": {"candidate_name": "sagar jaiswal", "from_which_assembly": 10, "candidate_age": 56, "party_name": 5, "total_vote": 0}}, {"model": "Politics.candidate", "pk": 24, "fields": {"candidate_name": "Manoj Jamsutkar", "from_which_assembly": 11, "candidate_age": 53, "party_name": 5, "total_vote": 0}}, {"model": "Politics.candidate", "pk": 25, "fields": {"candidate_name": "Yamini Jadhav", "from_which_assembly": 11, "candidate_age": 54, "party_name": 4, "total_vote": 0}}, {"model": "Politics.candidate", "pk": 26, "fields": {"candidate_name": "Qamar Nayar Ahmed", "from_which_assembly": 11, "candidate_age": 49, "party_name": 2, "total_vote": 0}}, {"model": "Politics.candidate", "pk": 27, "fields": {"candidate_name": "shani vishwakrama", "from_which_assembly": 12, "candidate_age": 19, "party_name": 3, "total_vote": 0}}, {"model": "Politics.candidate", "pk": 28, "fields": {"candidate_name": "prince yadav", "from_which_assembly": 12, "candidate_age": 56, "party_name": 5, "total_vote": 0}}, {"model": "Politics.candidate", "pk": 29, "fields": {"candidate_name": "shashikant Thasane", "from_which_assembly": 12, "candidate_age": 24, "party_name": 6, "total_vote": 0}}, {"model": "Politics.candidate", "pk": 30, "fields": {"candidate_name": "khushi singh", "from_which_assembly": 13, "candidate_age": 34, "party_name": 1, "total_vote": 0}}, {"model": "Politics.candidate", "pk": 31, "fields": {"candidate_name": "sagar gupta", "from_which_assembly": 13, "candidate_age": 35, "party_name": 5, "total_vote": 0}}, {"model": "Politics.candidate", "pk": 32, "fields": {"candidate_name": "Gopal Mishra", "from_which_assembly": 13, "candidate_age": 36, "party_name": 6, "total_vote": 0}}, {"model": "admin.logentry", "pk": 1, "fields": {"action_time": "2025-01-24T16:54:13.107Z", "user": ["trydjango"], "content_type": ["articles", "articles"], "object_id": "4", "object_repr": "Articles object (4)", "action_flag": 1, "change_message": "[{\"added\": {}}]"}}, {"model": "admin.logentry", "pk": 2, "fields": {"action_time": "2025-01-25T17:21:32.504Z", "user": ["trydjango"], "content_type": ["polls", "question"], "object_id": "3", "object_repr": "what is your plan for today", "action_flag": 1, "change_message": "[{\"added\": {}}]"}}, {"model": "admin.logentry", "pk": 3, "fields": {"action_time": "2025-01-25T17:22:10.361Z", "user": ["trydjango"], "content_type": ["polls", "question"], "object_id": "4", "object_repr": "hey, What u doing on coming sunday?", "action_flag": 1, "change_message": "[{\"added\": {}}]"}}, {"model": "admin.logentry", "pk": 4, "fields": {"action_time": "2025-01-25T17:23:04.908Z", "user": ["trydjango"], "content_type": ["polls", "question"], "object_id": "5", "object_repr": "whats u 2025 plan ?", "action_flag": 1, "change_message": "[{\"added\": {}}]"}}, {"model": "admin.logentry", "pk": 5, "fields": {"action_time": "2025-01-25T17:39:01.699Z", "user": ["trydjango"], "content_type": ["polls", "choice"], "object_id": "3", "object_repr": "Just doing it again | What is new", "action_flag": 2, "change_message": "[]"}}, {"model": "admin.logentry", "pk": 6, "fields": {"action_time": "2025-01-25T17:39:27.377Z", "user": ["trydjango"], "content_type": ["polls", "choice"], "object_id": "7", "object_repr": "just trying to be consistent | what is your plan for today", "action_flag": 1, "change_message": "[{\"added\": {}}]"}}, {"model": "admin.logentry", "pk": 7, "fields": {"action_time": "2025-01-25T17:39:52.091Z", "user": ["trydjango"], "content_type": ["polls", "choice"], "object_id": "8", "object_repr": "not too much , just packing for my haridwar trip. | what is your plan for today", "action_flag": 1, "change_message": "[{\"added\": {}}]"}}, {"model": "admin.logentry", "pk": 8, "fields": {"action_time": "2025-01-25T17:41:04.351Z", "user": ["trydjango"], "content_type": ["polls", "choice"], "object_id": "9", "object_repr": "did u forget that , we have a independence day on this comig sunday | hey, What u doing on coming sunday?", "action_flag": 1, "change_message": "[{\"added\": {}}]"}}, {"model": "admin.logentry", "pk": 9, "fields": {"action_time": "2025-01-25T17:41:34.565Z", "user": ["trydjango"], "content_type": ["polls", "choice"], "object_id": "10", "object_repr": "for this 2025 i just want to be stronger | whats u 2025 plan ?", "action_flag": 1, "change_message": "[{\"added\": {}}]"}}, {"model": "admin.logentry", "pk": 10, "fields": {"action_time": "2025-01-25T17:42:01.982Z", "user": ["trydjango"], "content_type": ["polls", "choice"], "object_id": "11", "object_repr": "in this 2025 , i want to change my self completely. | whats u 2025 plan ?", "action_flag": 1, "change_message": "[{\"added\": {}}]"}}, {"model": "admin.logentry", "pk": 11, "fields": {"action_time": "2025-01-25T17:56:02.816Z", "user": ["trydjango"], "content_type": ["polls", "question"], "object_id": "5", "object_repr": "what is your  2025 plan ?", "action_flag": 2, "change_message": "[{\"changed\": {\"fields\": [\"Question text\"]}}]"}}, {"model": "admin.logentry", "pk": 12, "fields": {"action_time": "2025-01-26T09:27:27.282Z", "user": ["trydjango"], "content_type": ["polls", "choice"], "object_id": "11", "object_repr": "in this 2025 , i want to change my self completely.", "action_flag": 2, "change_message": "[{\"changed\": {\"fields\": [\"Votes\"]}}]"}}, {"model": "admin.logentry", "pk": 13, "fields": {"action_time": "2025-01-26T09:29:32.797Z", "user": ["trydjango"], "content_type": ["polls", "choice"], "object_id": "1", "object_repr": "Not Much", "action_flag": 2, "change_message": "[{\"changed\": {\"fields\": [\"Votes\"]}}]"}}, {"model": "admin.logentry", "pk": 14, "fields": {"action_time": "2025-01-26T15:08:13.448Z", "user": ["trydjango"], "content_type": ["Politics", "parties"], "object_id": "1", "object_repr": "Bhartiy Janta Party", "action_flag": 1, "change_message": "[{\"added\": {}}]"}}, {"model": "admin.logentry", "pk": 15, "fields": {"action_time": "2025-01-26T15:10:28.639Z", "user": ["trydjango"], "content_type": ["Politics", "parties"], "object_id": "2", "object_repr": "Indian National congress", "action_flag": 1, "change_message": "[{\"added\": {}}]"}}, {"model": "admin.logentry", "pk": 16, "fields": {"action_time": "2025-01-26T15:11:00.223Z", "user": ["trydjango"], "content_type": ["Politics", "parties"], "object_id": "3", "object_repr": "Aam Adami Party", "action_flag": 1, "change_message": "[{\"added\": {}}]"}}, {"model": "admin.logentry", "pk": 17, "fields": {"action_time": "2025-01-26T15:12:26.128Z", "user": ["trydjango"], "content_type": ["Politics", "parties"], "object_id": "4", "object_repr": "Shiv-Sena(UBT)", "action_flag": 1, "change_message": "[{\"added\": {}}]"}}, {"model": "admin.logentry", "pk": 18, "fields": {"action_time": "2025-01-26T15:13:02.347Z", "user": ["trydjango"], "content_type": ["Politics", "parties"], "object_id": "5", "object_repr": "shiv-sena(Eknath Shinde)", "action_flag": 1, "change_message": "[{\"added\": {}}]"}}, {"model": "admin.logentry", "pk": 19, "fields": {"action_time": "2025-01-26T15:19:44.008Z", "user": ["trydjango"], "content_type": ["Politics", "mumbai_region"], "object_id": "1", "object_repr": "Dindoshi", "action_flag": 1, "change_message": "[{\"added\": {}}]"}}, {"model": "admin.logentry", "pk": 20, "fields": {"action_time": "2025-01-26T15:19:57.947Z", "user": ["trydjango"], "content_type": ["Politics", "mumbai_region"], "object_id": "2", "object_repr": "vasasi", "action_flag": 1, "change_message": "[{\"added\": {}}]"}}, {"model": "admin.logentry", "pk": 21, "fields": {"action_time": "2025-01-26T15:20:08.842Z", "user": ["trydjango"], "content_type": ["Politics", "mumbai_region"], "object_id": "3", "object_repr": "nalasopara", "action_flag": 1, "change_message": "[{\"added\": {}}]"}}, {"model": "admin.logentry", "pk": 22, "fields": {"action_time": "2025-01-26T15:20:22.154Z", "user": ["trydjango"], "content_type": ["Politics", "mumbai_region"], "object_id": "4", "object_repr": "kandivali", "action_flag": 1, "change_message": "[{\"added\": {}}]"}}, {"model": "admin.logentry", "pk": 23, "fields": {"action_time": "2025-01-26T15:20:34.840Z", "user": ["trydjango"], "content_type": ["Politics", "mumbai_region"], "object_id": "5", "object_repr": "borivali", "action_flag": 1, "change_message": "[{\"added\": {}}]"}}, {"model": "admin.logentry", "pk": 24, "fields": {"action_time": "2025-01-26T15:21:10.450Z", "user": ["trydjango"], "content_type": ["Politics", "mumbai_region"], "object_id": "6", "object_repr": "malad west", "action_flag": 1, "change_message": "[{\"added\": {}}]"}}, {"model": "admin.logentry", "pk": 25, "fields": {"action_time": "2025-01-26T15:21:25.806Z", "user": ["trydjango"], "content_type": ["Politics", "mumbai_region"], "object_id": "7", "object_repr": "charkop", "action_flag": 1, "change_message": "[{\"added\": {}}]"}}, {"model": "admin.logentry", "pk": 26, "fields": {"action_time": "2025-01-26T15:22:01.657Z", "user": ["trydjango"], "content_type": ["Politics", "mumbai_region"], "object_id": "8", "object_repr": "Bhiwandi east", "action_flag": 1, "change_message": "[{\"added\": {}}]"}}, {"model": "admin.logentry", "pk": 27, "fields": {"action_time": "2025-01-26T15:22:17.011Z", "user": ["trydjango"], "content_type": ["Politics", "mumbai_region"], "object_id": "9", "object_repr": "kalyan", "action_flag": 1, "change_message": "[{\"added\": {}}]"}}, {"model": "admin.logentry", "pk": 28, "fields": {"action_time": "2025-01-26T15:22:38.038Z", "user": ["trydjango"], "content_type": ["Politics", "mumbai_region"], "object_id": "10", "object_repr": "Dombivali", "action_flag": 1, "change_message": "[{\"added\": {}}]"}}, {"model": "admin.logentry", "pk": 29, "fields": {"action_time": "2025-01-26T15:23:01.008Z", "user": ["trydjango"], "content_type": ["Politics", "mumbai_region"], "object_id": "11", "object_repr": "byculla", "action_flag": 1, "change_message": "[{\"added\": {}}]"}}, {"model": "admin.logentry", "pk": 30, "fields": {"action_time": "2025-01-26T15:23:28.024Z", "user": ["trydjango"], "content_type": ["Politics", "mumbai_region"], "object_id": "12", "object_repr": "colaba", "action_flag": 1, "change_message": "[{\"added\": {}}]"}}, {"model": "admin.logentry", "pk": 31, "fields": {"action_time": "2025-01-26T15:23:44.788Z", "user": ["trydjango"], "content_type": ["Politics", "mumbai_region"], "object_id": "13", "object_repr": "Mumbadevi", "action_flag": 1, "change_message": "[{\"added\": {}}]"}}, {"model": "admin.logentry", "pk": 32, "fields": {"action_time": "2025-01-26T15:24:25.095Z", "user": ["trydjango"], "content_type": ["Politics", "candidate"], "object_id": "1", "object_repr": "sunil parbu", "action_flag": 1, "change_message": "[{\"added\": {}}]"}}, {"model": "admin.logentry", "pk": 33, "fields": {"action_time": "2025-01-26T15:24:47.223Z", "user": ["trydjango"], "content_type": ["Politics", "candidate"], "object_id": "2", "object_repr": "sanjay nirupam", "action_flag": 1, "change_message": "[{\"added\": {}}]"}}, {"model": "admin.logentry", "pk": 34, "fields": {"action_time": "2025-01-26T15:25:04.214Z", "user": ["trydjango"], "content_type": ["Politics", "candidate"], "object_id": "3", "object_repr": "Rupesh kadam", "action_flag": 1, "change_message": "[{\"added\": {}}]"}}, {"model": "admin.logentry", "pk": 35, "fields": {"action_time": "2025-01-26T15:26:31.490Z", "user": ["trydjango"], "content_type": ["Politics", "parties"], "object_id": "6", "object_repr": "Maharashtra Nav Nriman sena", "action_flag": 1, "change_message": "[{\"added\": {}}]"}}, {"model": "admin.logentry", "pk": 36, "fields": {"action_time": "2025-01-26T15:27:10.157Z", "user": ["trydjango"], "content_type": ["Politics", "candidate"], "object_id": "4", "object_repr": "Bhashkar parab", "action_flag": 1, "change_message": "[{\"added\": {}}]"}}, {"model": "admin.logentry", "pk": 37, "fields": {"action_time": "2025-01-26T15:28:58.022Z", "user": ["trydjango"], "content_type": ["Politics", "candidate"], "object_id": "5", "object_repr": "Sneha Pandit", "action_flag": 1, "change_message": "[{\"added\": {}}]"}}, {"model": "admin.logentry", "pk": 38, "fields": {"action_time": "2025-01-26T15:29:26.601Z", "user": ["trydjango"], "content_type": ["Politics", "candidate"], "object_id": "6", "object_repr": "Tarabai Vartak", "action_flag": 1, "change_message": "[{\"added\": {}}]"}}, {"model": "admin.logentry", "pk": 39, "fields": {"action_time": "2025-01-26T15:30:03.687Z", "user": ["trydjango"], "content_type": ["Politics", "candidate"], "object_id": "7", "object_repr": "Rajan Naik", "action_flag": 1, "change_message": "[{\"added\": {}}]"}}, {"model": "admin.logentry", "pk": 40, "fields": {"action_time": "2025-01-26T15:30:37.878Z", "user": ["trydjango"], "content_type": ["Politics", "candidate"], "object_id": "8", "object_repr": "Kshitij Thakur", "action_flag": 1, "change_message": "[{\"added\": {}}]"}}, {"model": "admin.logentry", "pk": 41, "fields": {"action_time": "2025-01-26T15:31:14.164Z", "user": ["trydjango"], "content_type": ["Politics", "candidate"], "object_id": "9", "object_repr": "Atul Bhatkhalkar", "action_flag": 1, "change_message": "[{\"added\": {}}]"}}, {"model": "admin.logentry", "pk": 42, "fields": {"action_time": "2025-01-26T15:31:46.599Z", "user": ["trydjango"], "content_type": ["Politics", "candidate"], "object_id": "10", "object_repr": "Thakur Ramesh Singh", "action_flag": 1, "change_message": "[{\"added\": {}}]"}}, {"model": "admin.logentry", "pk": 43, "fields": {"action_time": "2025-01-26T15:32:21.705Z", "user": ["trydjango"], "content_type": ["Politics", "candidate"], "object_id": "11", "object_repr": "Ishwarlal Parekh", "action_flag": 1, "change_message": "[{\"added\": {}}]"}}, {"model": "admin.logentry", "pk": 44, "fields": {"action_time": "2025-01-26T15:32:53.560Z", "user": ["trydjango"], "content_type": ["Politics", "candidate"], "object_id": "12", "object_repr": "Gopal Shetty", "action_flag": 1, "change_message": "[{\"added\": {}}]"}}, {"model": "admin.logentry", "pk": 45, "fields": {"action_time": "2025-01-26T15:33:26.248Z", "user": ["trydjango"], "content_type": ["Politics", "candidate"], "object_id": "13", "object_repr": "Aslam Shaikh", "action_flag": 1, "change_message": "[{\"added\": {}}]"}}, {"model": "admin.logentry", "pk": 46, "fields": {"action_time": "2025-01-26T15:34:27.957Z", "user": ["trydjango"], "content_type": ["Politics", "candidate"], "object_id": "14", "object_repr": "Dinesh Salvi", "action_flag": 1, "change_message": "[{\"added\": {}}]"}}, {"model": "admin.logentry", "pk": 47, "fields": {"action_time": "2025-01-26T15:34:50.871Z", "user": ["trydjango"], "content_type": ["Politics", "candidate"], "object_id": "15", "object_repr": "Yashwant Jayprakash Singh", "action_flag": 1, "change_message": "[{\"added\": {}}]"}}, {"model": "admin.logentry", "pk": 48, "fields": {"action_time": "2025-01-26T15:35:09.143Z", "user": ["trydjango"], "content_type": ["Politics", "candidate"], "object_id": "16", "object_repr": "Yogesh Sagar", "action_flag": 1, "change_message": "[{\"added\": {}}]"}}, {"model": "admin.logentry", "pk": 49, "fields": {"action_time": "2025-01-26T15:35:52.662Z", "user": ["trydjango"], "content_type": ["Politics", "candidate"], "object_id": "17", "object_repr": "Santosh Shetty", "action_flag": 1, "change_message": "[{\"added\": {}}]"}}, {"model": "admin.logentry", "pk": 50, "fields": {"action_time": "2025-01-26T15:36:17.401Z", "user": ["trydjango"], "content_type": ["Politics", "candidate"], "object_id": "18", "object_repr": "Santosh Shetty", "action_flag": 1, "change_message": "[{\"added\": {}}]"}}, {"model": "admin.logentry", "pk": 51, "fields": {"action_time": "2025-01-26T15:36:57.998Z", "user": ["trydjango"], "content_type": ["Politics", "candidate"], "object_id": "19", "object_repr": "Sulabha Gaikwad", "action_flag": 1, "change_message": "[{\"added\": {}}]"}}, {"model": "admin.logentry", "pk": 52, "fields": {"action_time": "2025-01-26T15:37:15.549Z", "user": ["trydjango"], "content_type": ["Politics", "candidate"], "object_id": "20", "object_repr": "Vijay Gupta", "action_flag": 1, "change_message": "[{\"added\": {}}]"}}, {"model": "admin.logentry", "pk": 53, "fields": {"action_time": "2025-01-26T15:37:35.752Z", "user": ["trydjango"], "content_type": ["Politics", "candidate"], "object_id": "21", "object_repr": "Suraj Tiwari", "action_flag": 1, "change_message": "[{\"added\": {}}]"}}, {"model": "admin.logentry", "pk": 54, "fields": {"action_time": "2025-01-26T15:37:53.479Z", "user": ["trydjango"], "content_type": ["Politics", "candidate"], "object_id": "22", "object_repr": "Vishal Jethwa", "action_flag": 1, "change_message": "[{\"added\": {}}]"}}, {"model": "admin.logentry", "pk": 55, "fields": {"action_time": "2025-01-26T15:38:10.382Z", "user": ["trydjango"], "content_type": ["Politics", "candidate"], "object_id": "23", "object_repr": "sagar jaiswal", "action_flag": 1, "change_message": "[{\"added\": {}}]"}}, {"model": "admin.logentry", "pk": 56, "fields": {"action_time": "2025-01-26T15:38:54.145Z", "user": ["trydjango"], "content_type": ["Politics", "candidate"], "object_id": "24", "object_repr": "Manoj Jamsutkar", "action_flag": 1, "change_message": "[{\"added\": {}}]"}}, {"model": "admin.logentry", "pk": 57, "fields": {"action_time": "2025-01-26T15:39:12.822Z", "user": ["trydjango"], "content_type": ["Politics", "candidate"], "object_id": "25", "object_repr": "Yamini Jadhav", "action_flag": 1, "change_message": "[{\"added\": {}}]"}}, {"model": "admin.logentry", "pk": 58, "fields": {"action_time": "2025-01-26T15:39:52.145Z", "user": ["trydjango"], "content_type": ["Politics", "candidate"], "object_id": "26", "object_repr": "Qamar Nayar Ahmed", "action_flag": 1, "change_message": "[{\"added\": {}}]"}}, {"model": "admin.logentry", "pk": 59, "fields": {"action_time": "2025-01-26T15:40:11.253Z", "user": ["trydjango"], "content_type": ["Politics", "candidate"], "object_id": "27", "object_repr": "shani vishwakrama", "action_flag": 1, "change_message": "[{\"added\": {}}]"}}, {"model": "admin.logentry", "pk": 60, "fields": {"action_time": "2025-01-26T15:40:26.239Z", "user": ["trydjango"], "content_type": ["Politics", "candidate"], "object_id": "28", "object_repr": "prince yadav", "action_flag": 1, "change_message": "[{\"added\": {}}]"}}, {"model": "admin.logentry", "pk": 61, "fields": {"action_time": "2025-01-26T15:40:51.100Z", "user": ["trydjango"], "content_type": ["Politics", "candidate"], "object_id": "29", "object_repr": "shashikant Thasane", "action_flag": 1, "change_message": "[{\"added\": {}}]"}}, {"model": "admin.logentry", "pk": 62, "fields": {"action_time": "2025-01-26T15:41:10.519Z", "user": ["trydjango"], "content_type": ["Politics", "candidate"], "object_id": "30", "object_repr": "khushi singh", "action_flag": 1, "change_message": "[{\"added\": {}}]"}}, {"model": "admin.logentry", "pk": 63, "fields": {"action_time": "2025-01-26T15:41:36.613Z", "user": ["trydjango"], "content_type": ["Politics", "candidate"], "object_id": "31", "object_repr": "sagar gupta", "action_flag": 1, "change_message": "[{\"added\": {}}]"}}, {"model": "admin.logentry", "pk": 64, "fields": {"action_time": "2025-01-26T15:42:05.818Z", "user": ["trydjango"], "content_type": ["Politics", "candidate"], "object_id": "32", "object_repr": "Gopal Mishra", "action_flag": 1, "change_message": "[{\"added\": {}}]"}}, {"model": "admin.logentry", "pk": 65, "fields": {"action_time": "2025-01-27T19:31:36.731Z", "user": ["trydjango"], "content_type": ["articles", "articles"], "object_id": "6", "object_repr": "Articles object (6)", "action_flag": 3, "change_message": ""}}, {"model": "admin.logentry", "pk": 66, "fields": {"action_time": "2025-01-27T19:36:37.238Z", "user": ["trydjango"], "content_type": ["articles", "articles"], "object_id": "9", "object_repr": "Articles object (9)", "action_flag": 3, "change_message": ""}}, {"model": "admin.logentry", "pk": 67, "fields": {"action_time": "2025-01-27T19:36:37.238Z", "user": ["trydjango"], "content_type": ["articles", "articles"], "object_id": "8", "object_repr": "Articles object (8)", "action_flag": 3, "change_message": ""}}, {"model": "admin.logentry", "pk": 68, "fields": {"action_time": "2025-01-27T19:36:37.238Z", "user": ["trydjango"], "content_type": ["articles", "articles"], "object_id": "7", "object_repr": "Articles object (7)", "action_flag": 3, "change_message": ""}}, {"model": "admin.logentry", "pk": 69, "fields": {"action_time": "2025-01-27T19:40:28.304Z", "user": ["trydjango"], "content_type": ["articles", "articles"], "object_id": "11", "object_repr": "Articles object (11)", "action_flag": 3, "change_message": ""}}, {"model": "admin.logentry", "pk": 70, "fields": {"action_time": "2025-01-27T19:43:47.770Z", "user": ["trydjango"], "content_type": ["articles", "articles"], "object_id": "13", "object_repr": "Articles object (13)", "action_flag": 3, "change_message": ""}}, {"model": "admin.logentry", "pk": 71, "fields": {"action_time": "2025-01-27T19:46:23.761Z", "user": ["trydjango"], "content_type": ["articles", "articles"], "object_id": "15", "object_repr": "Articles object (15)", "action_flag": 3, "change_message": ""}}, {"model": "admin.logentry", "pk": 72, "fields": {"action_time": "2025-01-27T19:46:23.762Z", "user": ["trydjango"], "content_type": ["articles", "articles"], "object_id": "14", "object_repr": "Articles object (14)", "action_flag": 3, "change_message": ""}}, {"model": "admin.logentry", "pk": 73, "fields": {"action_time": "2025-01-30T15:03:27.128Z", "user": ["trydjango"], "content_type": ["articles", "articles"], "object_id": "23", "object_repr": "Articles object (23)", "action_flag": 3, "change_message": ""}}, {"model": "admin.logentry", "pk": 74, "fields": {"action_time": "2025-01-30T15:03:27.128Z", "user": ["trydjango"], "content_type": ["articles", "articles"], "object_id": "22", "object_repr": "Articles object (22)", "action_flag": 3, "change_message": ""}}, {"model": "admin.logentry", "pk": 75, "fields": {"action_time": "2025-01-30T15:03:27.128Z", "user": ["trydjango"], "content_type": ["articles", "articles"], "object_id": "21", "object_repr": "Articles object (21)", "action_flag": 3, "change_message": ""}}, {"model": "admin.logentry", "pk": 76, "fields": {"action_time": "2025-01-30T15:03:27.128Z", "user": ["trydjango"], "content_type": ["articles", "articles"], "object_id": "20", "object_repr": "Articles object (20)", "action_flag": 3, "change_message": ""}}, {"model": "admin.logentry", "pk": 77, "fields": {"action_time": "2025-01-30T15:03:27.128Z", "user": ["trydjango"], "content_type": ["articles", "articles"], "object_id": "19", "object_repr": "Articles object (19)", "action_flag": 3, "change_message": ""}}, {"model": "admin.logentry", "pk": 78, "fields": {"action_time": "2025-01-30T15:03:27.128Z", "user": ["trydjango"], "content_type": ["articles", "articles"], "object_id": "18", "object_repr": "Articles object (18)", "action_flag": 3, "change_message": ""}}, {"model": "admin.logentry", "pk": 79, "fields": {"action_time": "2025-01-30T15:04:39.898Z", "user": ["trydjango"], "content_type": ["articles", "articles"], "object_id": "17", "object_repr": "Articles object (17)", "action_flag": 3, "change_message": ""}}]
